{
    "S": [
        [
            1,
            1,
            2,
            3,
            2,
            3,
            5,
            3,
            4,
            4,
            2,
            2,
            5
        ],
        [
            1,
            2,
            2,
            2,
            3,
            3,
            3,
            4,
            4,
            5,
            6,
            7,
            8
        ],
        [
            1.0,
            -1.0,
            2.0,
            2.0,
            18.0,
            -1.0,
            -0.1,
            -1.0,
            1.0,
            1.0,
            -55.0,
            -5.0,
            1.0
        ]
    ],
    "lb": [
        0.6578947368421053,
        0.6578947368421053,
        0.2777777777777779,
        0.0,
        -19.72222222222222,
        0.0,
        5.0,
        0.02777777777777779
    ],
    "b": [
        0.0,
        0.0,
        0.0,
        0.0,
        0.0
    ],
    "ub": [
        10.0,
        10.0,
        10.0,
        19.72222222222222,
        0.0,
        3.1818181818181817,
        40.00000000000001,
        1.0
    ],
    "mets": [
        "G",
        "E",
        "P",
        "L",
        "cost"
    ],
    "obj_ider": "biom",
    "rxns": [
        "gt",
        "ferm",
        "resp",
        "ldh",
        "lt",
        "biom",
        "atpm",
        "tot_cost"
    ]
}
